epoch,time,train/box_loss,train/cls_loss,train/dfl_loss,metrics/precision(B),metrics/recall(B),metrics/mAP50(B),metrics/mAP50-95(B),val/box_loss,val/cls_loss,val/dfl_loss,lr/pg0,lr/pg1,lr/pg2
1,360.296,2.63188,13.7051,3.68723,0.41208,0.14523,0.09651,0.03498,2.71469,11.1251,3.6185,9.99647e-06,9.99647e-06,0.00951017
2,681.385,2.18799,10.1745,3.22721,0.55649,0.17154,0.14553,0.05312,2.52086,10.548,3.49309,1.99959e-05,1.99959e-05,0.00902017
3,980.492,2.05854,9.24964,3.10785,0.58899,0.1615,0.20652,0.08884,2.48698,11.6117,3.48063,2.99932e-05,2.99932e-05,0.00853017
4,1275.48,1.97559,8.70277,3.01073,0.54334,0.23919,0.21423,0.08359,2.46194,9.16319,3.47348,3.99867e-05,3.99867e-05,0.00804016
5,1577.61,1.96515,8.60078,2.99674,0.48413,0.28085,0.25356,0.09999,2.37613,10.2625,3.44569,4.99748e-05,4.99748e-05,0.00755015
6,1877.38,1.90203,8.29118,2.9275,0.58425,0.24121,0.25451,0.09974,2.38205,10.4915,3.44743,5.99558e-05,5.99558e-05,0.00706013
7,2175.56,1.86305,7.95481,2.86809,0.53421,0.32406,0.27442,0.10801,2.38535,11.6191,3.48559,6.99281e-05,6.99281e-05,0.0065701
8,2472.83,1.84944,7.81308,2.85605,0.53652,0.25884,0.24976,0.09516,2.35556,8.84008,3.45194,7.98901e-05,7.98901e-05,0.00608007
9,2770.28,1.81316,7.61564,2.79753,0.51618,0.33096,0.2588,0.10208,2.34063,10.106,3.45958,8.98402e-05,8.98402e-05,0.00559002
10,3059.15,1.81533,7.43399,2.79959,0.58893,0.30521,0.26595,0.10823,2.34594,15.9881,3.53137,9.97768e-05,9.97768e-05,0.00509995
11,3341.35,1.81498,7.31865,2.7997,0.55559,0.29712,0.28336,0.11554,2.31953,12.0632,3.46007,0.000109698,0.000109698,0.00460987
12,3624.25,1.78274,7.2451,2.7553,0.62966,0.29961,0.30153,0.12239,2.27711,10.612,3.45186,0.000119603,0.000119603,0.00411978
13,3906.05,1.75149,7.124,2.72587,0.60857,0.3656,0.30641,0.12735,2.3287,12.5926,3.52797,0.000129489,0.000129489,0.00362967
14,4188.34,1.75513,7.10925,2.71561,0.67805,0.32441,0.31983,0.13452,2.30222,10.6749,3.4841,0.000139355,0.000139355,0.00313953
15,4470.5,1.74261,6.89818,2.71176,0.56473,0.36199,0.30372,0.12777,2.30601,13.3981,3.50078,0.0001492,0.0001492,0.00264938
16,4751.68,1.73035,6.86068,2.68464,0.62051,0.35233,0.3167,0.13442,2.26154,12.9917,3.43752,0.000159021,0.000159021,0.0021592
17,5033.21,1.73515,6.88879,2.7016,0.68856,0.35775,0.33846,0.14397,2.28205,13.092,3.53786,0.000168818,0.000168818,0.00166899
18,5314.73,1.71853,6.66371,2.67453,0.59411,0.38547,0.30864,0.13122,2.27087,12.7914,3.61984,0.000178588,0.000178588,0.00117876
19,5594.99,1.71878,6.71329,2.66555,0.61334,0.36662,0.33514,0.14749,2.23597,12.8094,3.511,0.000188331,0.000188331,0.000688507
20,5875.14,1.6977,6.64905,2.65912,0.63684,0.34405,0.33119,0.14039,2.25742,18.8508,3.56109,0.000198043,0.000198043,0.00019822
21,6155.26,1.69785,6.50566,2.64907,0.68108,0.33685,0.30921,0.14213,2.25275,16.5771,3.49178,0.000197837,0.000197837,0.000197837
22,6436.11,1.68489,6.33892,2.62471,0.67569,0.34568,0.32706,0.13775,2.23393,15.2553,3.55953,0.000197616,0.000197616,0.000197616
23,6716.19,1.66824,6.27718,2.60604,0.61482,0.3703,0.33266,0.13642,2.27457,12.232,3.61759,0.000197384,0.000197384,0.000197384
24,6996.52,1.66355,6.18361,2.59475,0.6743,0.31174,0.33812,0.14408,2.25586,15.1267,3.6095,0.000197142,0.000197142,0.000197142
25,7276.61,1.64857,5.96856,2.57046,0.58027,0.33318,0.3292,0.1483,2.26497,13.8534,3.6246,0.00019689,0.00019689,0.00019689
26,7556.55,1.62124,6.09198,2.54084,0.63422,0.35172,0.31077,0.12889,2.26819,11.6203,3.63507,0.000196627,0.000196627,0.000196627
27,7843.97,1.61822,5.86204,2.54895,0.63655,0.36802,0.34828,0.1479,2.24664,12.2632,3.59283,0.000196353,0.000196353,0.000196353
28,8151.05,1.62434,5.86694,2.55112,0.62635,0.3871,0.35421,0.1565,2.24865,11.5243,3.69171,0.000196069,0.000196069,0.000196069
29,8435.65,1.60164,5.73883,2.54395,0.57787,0.39966,0.35046,0.15279,2.2705,9.62502,3.72267,0.000195775,0.000195775,0.000195775
30,8719.67,1.60696,5.75752,2.51278,0.70915,0.37215,0.37817,0.16889,2.22798,10.3397,3.62392,0.00019547,0.00019547,0.00019547
31,9000.9,1.59785,5.65778,2.50488,0.53756,0.38572,0.36006,0.15276,2.253,9.84199,3.71817,0.000195155,0.000195155,0.000195155
32,9282.82,1.58957,5.53565,2.5122,0.47366,0.39443,0.34758,0.1475,2.24839,9.40814,3.71391,0.000194829,0.000194829,0.000194829
33,9564.13,1.57138,5.48765,2.48921,0.55398,0.40731,0.37838,0.15557,2.23966,9.58503,3.66476,0.000194493,0.000194493,0.000194493
34,9845.09,1.56456,5.42023,2.47321,0.63299,0.38926,0.36366,0.15299,2.26271,13.4283,3.73668,0.000194147,0.000194147,0.000194147
35,10124.4,1.56525,5.34618,2.4846,0.58273,0.40717,0.39068,0.17163,2.22789,9.30978,3.70583,0.000193791,0.000193791,0.000193791
36,10404.8,1.5662,5.32565,2.4624,0.60924,0.40706,0.38614,0.16794,2.26225,12.5797,3.76123,0.000193424,0.000193424,0.000193424
37,10692.8,1.54476,5.20833,2.47105,0.55428,0.42157,0.38104,0.17379,2.25612,12.676,3.73601,0.000193048,0.000193048,0.000193048
38,10978.3,1.54219,5.1962,2.43092,0.55182,0.40041,0.36074,0.16484,2.22492,12.2928,3.6837,0.000192661,0.000192661,0.000192661
39,11263.6,1.5295,5.03766,2.42625,0.5552,0.3925,0.33511,0.15345,2.20283,11.8597,3.66683,0.000192264,0.000192264,0.000192264
40,11547.4,1.5303,5.09924,2.44429,0.46356,0.40403,0.36481,0.16904,2.22401,12.4539,3.7239,0.000191858,0.000191858,0.000191858
41,11833.8,1.49868,5.00312,2.40698,0.5211,0.41232,0.35065,0.16222,2.21792,10.2998,3.74382,0.000191441,0.000191441,0.000191441
42,12187,1.51667,4.9274,2.42321,0.56913,0.39989,0.35792,0.16536,2.20163,10.6981,3.69638,0.000191014,0.000191014,0.000191014
43,12568.2,1.50217,4.86743,2.40073,0.57545,0.40567,0.33935,0.15179,2.23093,11.7968,3.71934,0.000190578,0.000190578,0.000190578
44,12955.2,1.50272,4.80072,2.39632,0.53416,0.4128,0.351,0.15606,2.21441,11.0389,3.6904,0.000190132,0.000190132,0.000190132
45,13320.9,1.49434,4.85862,2.38928,0.52208,0.40815,0.35848,0.16679,2.18341,9.97701,3.6676,0.000189675,0.000189675,0.000189675
46,13726.6,1.47067,4.79506,2.36296,0.55326,0.41278,0.37152,0.17336,2.20431,10.8534,3.72882,0.00018921,0.00018921,0.00018921
47,14136.3,1.46959,4.70178,2.3677,0.48269,0.42284,0.37706,0.1772,2.21101,12.2331,3.78421,0.000188734,0.000188734,0.000188734
48,14551.7,1.47037,4.69703,2.35264,0.45343,0.42603,0.38921,0.18322,2.19778,14.1166,3.71746,0.000188249,0.000188249,0.000188249
49,14962.8,1.46456,4.69437,2.37343,0.58399,0.42517,0.39033,0.18236,2.19194,10.7268,3.72652,0.000187754,0.000187754,0.000187754
50,15387.4,1.45514,4.53961,2.34851,0.55661,0.40226,0.39764,0.19219,2.17793,9.91259,3.67317,0.00018725,0.00018725,0.00018725
51,15799.7,1.44963,4.60145,2.33567,0.537,0.38553,0.38476,0.18597,2.1827,10.0986,3.74722,0.000186737,0.000186737,0.000186737
52,16201,1.43956,4.50943,2.32279,0.49045,0.41076,0.38227,0.18263,2.17547,9.34706,3.72031,0.000186213,0.000186213,0.000186213
53,16688.4,1.45526,4.51024,2.34304,0.44509,0.43211,0.37814,0.18213,2.17556,9.31196,3.72718,0.000185681,0.000185681,0.000185681
54,17167.2,1.43459,4.4742,2.32615,0.46364,0.43087,0.37635,0.17585,2.18543,8.22928,3.76492,0.000185139,0.000185139,0.000185139
55,17634.1,1.42861,4.34189,2.31961,0.45731,0.42294,0.37975,0.17675,2.18164,8.26722,3.76374,0.000184588,0.000184588,0.000184588
56,18081,1.4177,4.43986,2.30391,0.48251,0.4139,0.38209,0.17919,2.19007,8.23292,3.79525,0.000184028,0.000184028,0.000184028
57,18488.4,1.41816,4.36494,2.30908,0.44012,0.43883,0.39555,0.18582,2.19273,8.05387,3.81864,0.000183459,0.000183459,0.000183459
58,18871.6,1.42428,4.29335,2.30901,0.50479,0.43461,0.42117,0.19651,2.17961,8.26954,3.84599,0.000182881,0.000182881,0.000182881
59,19261.7,1.41348,4.27881,2.29857,0.46928,0.44221,0.41133,0.19103,2.15933,8.83306,3.82847,0.000182294,0.000182294,0.000182294
60,19679.4,1.41274,4.32914,2.3099,0.49812,0.46279,0.42548,0.1998,2.15987,8.52222,3.82535,0.000181698,0.000181698,0.000181698
61,20070.5,1.40952,4.29341,2.28565,0.43843,0.46191,0.42588,0.20186,2.15709,8.14277,3.79931,0.000181093,0.000181093,0.000181093
62,20462.7,1.40194,4.14709,2.28762,0.60207,0.44776,0.42539,0.20308,2.16371,8.04329,3.81498,0.000180479,0.000180479,0.000180479
63,20858.4,1.38987,4.15281,2.27534,0.50345,0.46271,0.40866,0.19367,2.16801,8.52431,3.81866,0.000179856,0.000179856,0.000179856
64,21259.8,1.39455,4.11527,2.27119,0.59773,0.46158,0.41469,0.19985,2.18169,9.18155,3.86891,0.000179225,0.000179225,0.000179225
65,21559,1.38379,4.07014,2.27399,0.54032,0.46825,0.41499,0.20068,2.18369,8.62366,3.86293,0.000178586,0.000178586,0.000178586
66,21977.2,1.37552,4.01529,2.25169,0.52328,0.44589,0.41597,0.20215,2.16336,8.13045,3.833,0.000177937,0.000177937,0.000177937
67,22410.7,1.37125,4.03522,2.25317,0.47499,0.4454,0.41823,0.20529,2.17014,7.82077,3.82681,0.000177281,0.000177281,0.000177281
68,22927.2,1.3866,3.98919,2.26163,0.55706,0.43626,0.41975,0.20114,2.17204,8.09199,3.84073,0.000176616,0.000176616,0.000176616
69,23422.3,1.36729,3.99104,2.24824,0.52289,0.46206,0.42356,0.20336,2.16195,8.16804,3.83129,0.000175943,0.000175943,0.000175943
70,23844.4,1.35645,3.90667,2.23029,0.50079,0.46902,0.42853,0.20254,2.16887,7.6184,3.8396,0.000175261,0.000175261,0.000175261
71,24257,1.34631,3.87375,2.23145,0.53946,0.46176,0.42732,0.20099,2.17377,7.5898,3.87471,0.000174571,0.000174571,0.000174571
72,24651.4,1.35161,3.90001,2.22715,0.5412,0.45552,0.41919,0.20048,2.17884,7.48481,3.87778,0.000173874,0.000173874,0.000173874
73,25113.4,1.35502,3.87007,2.23468,0.56101,0.44304,0.41642,0.1969,2.18058,7.37375,3.87238,0.000173168,0.000173168,0.000173168
74,25599,1.32632,3.80246,2.19417,0.62241,0.44908,0.42031,0.19667,2.17733,7.30995,3.88339,0.000172454,0.000172454,0.000172454
75,26090.6,1.34076,3.77579,2.21626,0.6055,0.45301,0.42044,0.19763,2.17889,7.33249,3.88273,0.000171733,0.000171733,0.000171733
76,26557.3,1.34876,3.82189,2.22296,0.57914,0.45148,0.42242,0.20114,2.17609,7.34143,3.89281,0.000171004,0.000171004,0.000171004
77,27007.5,1.33248,3.7584,2.21701,0.59882,0.45153,0.41839,0.19732,2.17744,7.41622,3.89685,0.000170267,0.000170267,0.000170267
78,27444.9,1.33056,3.79341,2.1992,0.54589,0.46034,0.41398,0.19763,2.17388,7.3968,3.89657,0.000169522,0.000169522,0.000169522
79,27883.1,1.30671,3.68183,2.19016,0.55762,0.46409,0.43433,0.20977,2.17484,7.29307,3.91428,0.00016877,0.00016877,0.00016877
80,28324.5,1.31543,3.67754,2.18663,0.52238,0.45953,0.41257,0.20047,2.17849,7.28405,3.91516,0.000168011,0.000168011,0.000168011
81,28756.4,1.32347,3.71425,2.19447,0.53213,0.42243,0.40833,0.19981,2.17213,7.36773,3.91061,0.000167244,0.000167244,0.000167244
82,29192.1,1.30498,3.59324,2.16976,0.58216,0.43596,0.40247,0.19365,2.17277,7.43723,3.92058,0.00016647,0.00016647,0.00016647
83,29618.5,1.29902,3.60034,2.17351,0.58038,0.42547,0.41176,0.19821,2.17321,7.38084,3.92507,0.000165689,0.000165689,0.000165689
84,30046.6,1.29896,3.60257,2.16836,0.59677,0.42047,0.42865,0.20765,2.17248,7.53248,3.93591,0.0001649,0.0001649,0.0001649
85,30474.9,1.29108,3.55964,2.1477,0.59788,0.43155,0.42651,0.20751,2.17454,7.59423,3.94092,0.000164105,0.000164105,0.000164105
86,30905.8,1.2927,3.53927,2.15703,0.61289,0.42923,0.42762,0.21095,2.17774,7.41545,3.96255,0.000163303,0.000163303,0.000163303
87,31332.2,1.28651,3.53339,2.14669,0.57048,0.44847,0.4307,0.21087,2.17518,7.23932,3.97473,0.000162494,0.000162494,0.000162494
88,31759.7,1.28023,3.62222,2.14166,0.52753,0.4481,0.42728,0.20623,2.17454,7.26707,3.97903,0.000161678,0.000161678,0.000161678
89,32190.5,1.28259,3.47263,2.14259,0.52511,0.45502,0.42652,0.20662,2.17063,7.19243,3.98444,0.000160855,0.000160855,0.000160855
90,32622.4,1.27432,3.48325,2.14814,0.56477,0.45157,0.42792,0.20741,2.1651,7.02781,3.98853,0.000160026,0.000160026,0.000160026
91,33055.7,1.2815,3.53843,2.15211,0.5634,0.45176,0.42742,0.2072,2.16499,6.97685,3.99262,0.000159191,0.000159191,0.000159191
92,33484.3,1.27416,3.45916,2.13826,0.55276,0.45257,0.42461,0.20682,2.16685,6.91635,3.98893,0.000158349,0.000158349,0.000158349
93,33913.6,1.25314,3.44893,2.12677,0.52187,0.46214,0.42477,0.20776,2.1629,6.81864,3.98077,0.000157501,0.000157501,0.000157501
94,34340.1,1.26355,3.35568,2.13548,0.53046,0.4517,0.42888,0.20956,2.16281,6.77098,3.98454,0.000156646,0.000156646,0.000156646
95,34770.5,1.25949,3.48714,2.11086,0.53384,0.45055,0.4278,0.21071,2.16582,6.73661,3.98199,0.000155786,0.000155786,0.000155786
96,35200.1,1.25384,3.36192,2.11218,0.5186,0.4632,0.42587,0.2113,2.16699,6.67857,3.99249,0.000154919,0.000154919,0.000154919
97,35631,1.2413,3.42818,2.10707,0.47913,0.45763,0.42406,0.20738,2.16895,6.67153,3.99896,0.000154047,0.000154047,0.000154047
98,36058.2,1.24238,3.31515,2.10147,0.51287,0.45996,0.41614,0.20375,2.16928,6.72365,4.00025,0.000153169,0.000153169,0.000153169
99,36488.8,1.25531,3.32561,2.1198,0.51645,0.45587,0.42012,0.20414,2.16977,6.75283,4.00456,0.000152285,0.000152285,0.000152285
100,36916.9,1.2389,3.26539,2.10615,0.52183,0.46282,0.42035,0.20419,2.1725,6.69424,4.00789,0.000151395,0.000151395,0.000151395
101,37346.4,1.23998,3.26175,2.11622,0.52225,0.46467,0.42105,0.20484,2.17169,6.65984,4.01826,0.0001505,0.0001505,0.0001505
102,37774.4,1.2202,3.25257,2.08348,0.5237,0.46111,0.4242,0.20634,2.16825,6.61289,4.01724,0.000149599,0.000149599,0.000149599
103,38203,1.22568,3.2181,2.07902,0.52486,0.45587,0.42553,0.2082,2.16478,6.60029,4.02442,0.000148694,0.000148694,0.000148694
104,38630.9,1.22359,3.20169,2.08158,0.4835,0.47198,0.42613,0.20849,2.16132,6.58764,4.02071,0.000147783,0.000147783,0.000147783
105,39059.4,1.22777,3.20977,2.07762,0.50913,0.45545,0.42989,0.20838,2.16645,6.57879,4.03462,0.000146866,0.000146866,0.000146866
106,39490.8,1.20128,3.18567,2.05673,0.5003,0.47535,0.43719,0.2097,2.16037,6.61548,4.03612,0.000145945,0.000145945,0.000145945
107,39918.4,1.21143,3.19597,2.06454,0.53426,0.4649,0.43839,0.20989,2.15934,6.54041,4.04458,0.000145019,0.000145019,0.000145019
108,40346.2,1.2097,3.17107,2.06168,0.52885,0.47302,0.44655,0.21166,2.1576,6.51697,4.04614,0.000144088,0.000144088,0.000144088
109,40774.1,1.21266,3.16465,2.06567,0.50854,0.49038,0.43977,0.20852,2.15533,6.49063,4.04486,0.000143152,0.000143152,0.000143152
110,41160.8,1.21412,3.12941,2.08068,0.53261,0.4612,0.44116,0.2088,2.158,6.46785,4.046,0.000142212,0.000142212,0.000142212
111,41517.6,1.20068,3.18867,2.0654,0.46245,0.47686,0.43535,0.20895,2.15771,6.43024,4.04925,0.000141267,0.000141267,0.000141267
112,41875,1.19458,3.06879,2.05055,0.46705,0.48531,0.43885,0.2099,2.15587,6.38846,4.04967,0.000140318,0.000140318,0.000140318
113,42234.8,1.1966,3.10654,2.05165,0.47128,0.48292,0.43873,0.20921,2.15555,6.3922,4.05535,0.000139364,0.000139364,0.000139364
114,42597.4,1.18862,3.08327,2.03375,0.50515,0.48405,0.43883,0.2086,2.15249,6.39853,4.05365,0.000138406,0.000138406,0.000138406
115,42956.8,1.18083,3.02618,2.02233,0.53405,0.45168,0.43891,0.20734,2.15246,6.43564,4.06049,0.000137444,0.000137444,0.000137444
116,43314.8,1.18163,3.01102,2.02773,0.51043,0.47057,0.43689,0.20712,2.15137,6.47369,4.06594,0.000136478,0.000136478,0.000136478
117,43693.3,1.18449,3.04284,2.02458,0.50085,0.45463,0.42528,0.20392,2.15284,6.43055,4.06849,0.000135509,0.000135509,0.000135509
118,44144.5,1.16011,3.03261,1.99986,0.44969,0.4739,0.42575,0.20431,2.15346,6.4161,4.06732,0.000134535,0.000134535,0.000134535
119,44592.8,1.17455,3.01826,2.02748,0.44532,0.47749,0.42882,0.20645,2.1544,6.41545,4.06757,0.000133558,0.000133558,0.000133558
120,45041.2,1.16212,2.94423,2.02024,0.45255,0.46612,0.42933,0.20709,2.15643,6.39175,4.07413,0.000132577,0.000132577,0.000132577
121,45510.2,1.16962,2.97197,2.01906,0.47491,0.44784,0.42982,0.20684,2.15808,6.37764,4.08017,0.000131593,0.000131593,0.000131593
122,45968.8,1.16503,3.02148,2.01122,0.45828,0.45908,0.42957,0.20788,2.1583,6.37128,4.08363,0.000130605,0.000130605,0.000130605
123,46452.9,1.15652,2.99775,1.99695,0.46112,0.45993,0.43022,0.2064,2.16031,6.35827,4.08859,0.000129614,0.000129614,0.000129614
124,46939.1,1.15279,2.88181,1.99361,0.45722,0.45778,0.42776,0.20382,2.15993,6.3763,4.09061,0.00012862,0.00012862,0.00012862
125,47429.3,1.16338,2.96669,2.00478,0.47518,0.45166,0.43514,0.20378,2.16145,6.39191,4.09513,0.000127623,0.000127623,0.000127623
126,47935.5,1.16461,2.91328,1.99972,0.44505,0.45807,0.42676,0.20333,2.1606,6.39482,4.10018,0.000126623,0.000126623,0.000126623
127,48390.5,1.13759,2.90326,1.96861,0.49467,0.44383,0.42865,0.20336,2.16148,6.38647,4.10759,0.00012562,0.00012562,0.00012562
128,48827.4,1.1383,2.84241,1.97793,0.45995,0.44679,0.42883,0.20319,2.16116,6.38963,4.11393,0.000124615,0.000124615,0.000124615
129,49248.9,1.13969,2.85496,1.97619,0.49537,0.44402,0.43133,0.2063,2.16172,6.39545,4.1213,0.000123607,0.000123607,0.000123607
130,49674.2,1.13707,2.83896,1.98631,0.49661,0.44211,0.43202,0.20712,2.16285,6.39939,4.12878,0.000122596,0.000122596,0.000122596
131,50124.6,1.12775,2.80524,1.96804,0.49886,0.44102,0.44101,0.2103,2.16365,6.39951,4.13438,0.000121583,0.000121583,0.000121583
132,50566,1.12973,2.8414,1.96509,0.5006,0.44074,0.44575,0.21213,2.16454,6.37963,4.14161,0.000120568,0.000120568,0.000120568
133,51048.7,1.12067,2.74787,1.94596,0.50323,0.44074,0.44482,0.21149,2.16515,6.37073,4.14565,0.000119551,0.000119551,0.000119551
134,51534,1.1301,2.83656,1.97741,0.50967,0.44705,0.45099,0.21211,2.16587,6.36738,4.14848,0.000118531,0.000118531,0.000118531
135,51932.3,1.10809,2.71588,1.94049,0.51147,0.4471,0.45032,0.21167,2.16538,6.35618,4.15154,0.00011751,0.00011751,0.00011751
136,52330,1.10333,2.69692,1.94972,0.51402,0.44803,0.45115,0.21233,2.16627,6.34941,4.15406,0.000116487,0.000116487,0.000116487
137,52767.2,1.11708,2.79864,1.96212,0.51656,0.44851,0.4509,0.21199,2.16627,6.34318,4.15981,0.000115462,0.000115462,0.000115462
138,53170.8,1.11424,2.72417,1.95517,0.5155,0.44956,0.44969,0.2118,2.16626,6.31585,4.16295,0.000114436,0.000114436,0.000114436
139,53505.8,1.10994,2.7878,1.94586,0.51611,0.44963,0.44823,0.21128,2.16763,6.29874,4.16718,0.000113408,0.000113408,0.000113408
140,53816.3,1.11444,2.74144,1.94567,0.51636,0.45107,0.44921,0.21184,2.16823,6.29048,4.17245,0.000112379,0.000112379,0.000112379
141,54233,1.10048,2.69398,1.938,0.51829,0.45158,0.4495,0.21179,2.16958,6.28612,4.18068,0.000111348,0.000111348,0.000111348
142,54707.8,1.08832,2.67663,1.92156,0.51906,0.45363,0.44929,0.21216,2.16862,6.27647,4.18387,0.000110317,0.000110317,0.000110317
143,55181.5,1.0994,2.6887,1.92524,0.51718,0.45356,0.44893,0.2121,2.16859,6.26718,4.18678,0.000109284,0.000109284,0.000109284
144,55615,1.10666,2.72803,1.93454,0.51834,0.45479,0.44997,0.21097,2.16866,6.25885,4.18862,0.000108251,0.000108251,0.000108251
145,56042.2,1.08193,2.6135,1.918,0.51635,0.45601,0.45073,0.21135,2.16838,6.24608,4.19028,0.000107216,0.000107216,0.000107216
146,56449.8,1.08167,2.6262,1.91377,0.51658,0.45692,0.44845,0.21133,2.16786,6.24548,4.19053,0.000106181,0.000106181,0.000106181
147,56840.3,1.07134,2.56762,1.91013,0.51627,0.45764,0.44925,0.21128,2.16802,6.24161,4.19282,0.000105146,0.000105146,0.000105146
148,57237.7,1.06994,2.61592,1.90657,0.51481,0.45701,0.44915,0.21218,2.16754,6.24365,4.19258,0.00010411,0.00010411,0.00010411
149,57744.5,1.07449,2.60463,1.90466,0.51335,0.45692,0.45053,0.21212,2.16783,6.24481,4.19447,0.000103073,0.000103073,0.000103073
150,58203.1,1.07521,2.58736,1.89938,0.5148,0.45671,0.45059,0.21388,2.16832,6.24023,4.19591,0.000102037,0.000102037,0.000102037
151,58616.7,1.07206,2.63389,1.90873,0.51352,0.45768,0.45157,0.21424,2.16888,6.22908,4.19623,0.000101,0.000101,0.000101
152,58978.6,1.06929,2.60573,1.9076,0.51407,0.45969,0.45226,0.21426,2.16777,6.21792,4.1977,9.99633e-05,9.99633e-05,9.99633e-05
153,59370.3,1.07765,2.61912,1.91594,0.51444,0.46078,0.45256,0.21477,2.16763,6.21148,4.19774,9.89267e-05,9.89267e-05,9.89267e-05
154,59771.5,1.06431,2.56662,1.88985,0.51656,0.46109,0.45319,0.21536,2.16728,6.19613,4.19918,9.78903e-05,9.78903e-05,9.78903e-05
155,60200.2,1.05598,2.47903,1.87382,0.51852,0.46073,0.45324,0.21529,2.1675,6.19221,4.20251,9.68543e-05,9.68543e-05,9.68543e-05
156,70077,1.05721,2.53875,1.88884,0.5215,0.46123,0.45387,0.21519,2.16806,6.19281,4.20539,9.58187e-05,9.58187e-05,9.58187e-05
157,85125.5,1.06945,2.57639,1.89981,0.5199,0.46072,0.45077,0.21434,2.16884,6.18463,4.20766,9.47837e-05,9.47837e-05,9.47837e-05
158,94738.7,1.05617,2.5545,1.8891,0.51786,0.46038,0.44968,0.21483,2.16856,6.17967,4.20709,9.37494e-05,9.37494e-05,9.37494e-05
159,95099.7,1.05083,2.50609,1.88356,0.51827,0.46198,0.45112,0.21537,2.16862,6.17398,4.21013,9.27159e-05,9.27159e-05,9.27159e-05
160,95458.8,1.05126,2.51417,1.87704,0.52344,0.45685,0.45143,0.21583,2.1707,6.16321,4.213,9.16833e-05,9.16833e-05,9.16833e-05
161,95817.2,1.04992,2.5623,1.8789,0.52337,0.45787,0.45073,0.21565,2.17191,6.15959,4.219,9.06517e-05,9.06517e-05,9.06517e-05
162,96227,1.04411,2.49197,1.87837,0.52436,0.45923,0.45299,0.21658,2.17247,6.15767,4.22359,8.96212e-05,8.96212e-05,8.96212e-05
163,96701.4,1.04028,2.53631,1.87408,0.52067,0.46171,0.45238,0.21641,2.17337,6.15727,4.22658,8.8592e-05,8.8592e-05,8.8592e-05
164,97192.1,1.03515,2.49832,1.87074,0.52102,0.46061,0.45245,0.21642,2.17438,6.16032,4.23272,8.75642e-05,8.75642e-05,8.75642e-05
165,97652.7,1.04662,2.47682,1.86484,0.51506,0.47594,0.45455,0.21676,2.17488,6.15359,4.23582,8.65378e-05,8.65378e-05,8.65378e-05
166,98086.5,1.02746,2.4666,1.84788,0.51437,0.47814,0.45223,0.21679,2.1758,6.15762,4.24056,8.5513e-05,8.5513e-05,8.5513e-05
167,98519.9,1.03732,2.51114,1.86766,0.51986,0.47779,0.45521,0.21729,2.17602,6.14937,4.24104,8.44899e-05,8.44899e-05,8.44899e-05
168,98955,1.01361,2.41182,1.83553,0.52156,0.47393,0.45418,0.21663,2.17641,6.14614,4.24365,8.34686e-05,8.34686e-05,8.34686e-05
169,99388.6,1.01579,2.44442,1.83213,0.52504,0.47587,0.45308,0.21654,2.17701,6.14399,4.24563,8.24492e-05,8.24492e-05,8.24492e-05
170,99838.2,1.02279,2.42666,1.84488,0.52495,0.47564,0.45368,0.2164,2.17735,6.14026,4.24905,8.14319e-05,8.14319e-05,8.14319e-05
171,100290,1.00734,2.39213,1.84082,0.52533,0.47427,0.45328,0.21627,2.17784,6.13422,4.25242,8.04167e-05,8.04167e-05,8.04167e-05
172,100722,1.01032,2.40668,1.83418,0.52443,0.47429,0.45387,0.21651,2.17808,6.13282,4.25513,7.94038e-05,7.94038e-05,7.94038e-05
173,101157,1.02172,2.41538,1.84378,0.52638,0.47272,0.45383,0.21676,2.17858,6.13062,4.25806,7.83933e-05,7.83933e-05,7.83933e-05
174,101589,1.01846,2.41777,1.83666,0.52682,0.47227,0.45374,0.21676,2.1795,6.1319,4.26172,7.73852e-05,7.73852e-05,7.73852e-05
175,102023,1.00121,2.38263,1.83297,0.51872,0.47581,0.45342,0.21683,2.18008,6.13283,4.26457,7.63797e-05,7.63797e-05,7.63797e-05
176,102457,1.01768,2.36041,1.82751,0.52121,0.47528,0.45401,0.21674,2.18017,6.12804,4.26541,7.53769e-05,7.53769e-05,7.53769e-05
177,102912,0.99317,2.3396,1.81805,0.52059,0.47422,0.45325,0.21698,2.18075,6.12459,4.26939,7.43769e-05,7.43769e-05,7.43769e-05
178,103447,1.0073,2.37377,1.82182,0.51966,0.47437,0.45646,0.21844,2.18101,6.11972,4.27126,7.33799e-05,7.33799e-05,7.33799e-05
179,104133,1.00714,2.38525,1.82673,0.52027,0.4744,0.45639,0.22001,2.1813,6.11581,4.27606,7.23859e-05,7.23859e-05,7.23859e-05
180,104767,0.99385,2.29829,1.81544,0.51397,0.48139,0.45678,0.21809,2.18199,6.10897,4.27934,7.1395e-05,7.1395e-05,7.1395e-05
181,105212,0.99546,2.31107,1.82043,0.51414,0.48148,0.45789,0.2202,2.1824,6.1088,4.28125,7.04073e-05,7.04073e-05,7.04073e-05
182,105646,0.97811,2.30493,1.8053,0.51822,0.47684,0.45766,0.22062,2.18243,6.10546,4.28152,6.9423e-05,6.9423e-05,6.9423e-05
183,106073,0.99536,2.39793,1.81335,0.51853,0.47819,0.45785,0.22112,2.18239,6.0913,4.2827,6.84422e-05,6.84422e-05,6.84422e-05
184,106505,0.98021,2.30619,1.80421,0.5153,0.48209,0.45827,0.2209,2.18214,6.08822,4.28344,6.74649e-05,6.74649e-05,6.74649e-05
185,106944,0.97513,2.26452,1.7933,0.51393,0.48306,0.45904,0.22105,2.18233,6.0786,4.28462,6.64914e-05,6.64914e-05,6.64914e-05
186,107437,0.97377,2.24209,1.79698,0.51376,0.48402,0.45833,0.22091,2.18282,6.08559,4.28723,6.55216e-05,6.55216e-05,6.55216e-05
187,107934,0.98618,2.3224,1.80801,0.51355,0.48446,0.4581,0.22084,2.18249,6.07712,4.28749,6.45557e-05,6.45557e-05,6.45557e-05
188,108412,0.98415,2.27421,1.80566,0.5149,0.4841,0.45792,0.22079,2.18371,6.07111,4.2903,6.35938e-05,6.35938e-05,6.35938e-05
189,108999,0.97428,2.27238,1.8026,0.51375,0.48963,0.45933,0.22146,2.18414,6.06623,4.29325,6.2636e-05,6.2636e-05,6.2636e-05
190,109486,0.96882,2.2642,1.79094,0.51478,0.48881,0.45964,0.22119,2.18451,6.05774,4.29365,6.16824e-05,6.16824e-05,6.16824e-05
191,109943,0.96714,2.26071,1.7903,0.51409,0.4896,0.45982,0.2214,2.18492,6.04766,4.29557,6.07331e-05,6.07331e-05,6.07331e-05
192,110398,0.96616,2.24503,1.77966,0.51618,0.48899,0.46,0.22157,2.18557,6.06075,4.29715,5.97882e-05,5.97882e-05,5.97882e-05
193,110853,0.96988,2.24576,1.77979,0.51603,0.4885,0.46034,0.22153,2.18788,6.08757,4.30329,5.88479e-05,5.88479e-05,5.88479e-05
194,111307,0.96687,2.26521,1.7811,0.51662,0.48861,0.45998,0.22127,2.18807,6.08189,4.30574,5.79121e-05,5.79121e-05,5.79121e-05
195,111761,0.96607,2.26368,1.78218,0.51721,0.48851,0.46098,0.22122,2.18843,6.0813,4.3083,5.69811e-05,5.69811e-05,5.69811e-05
196,112213,0.95164,2.19989,1.77356,0.51744,0.48778,0.46141,0.22156,2.18814,6.07883,4.31015,5.60549e-05,5.60549e-05,5.60549e-05
197,112663,0.96489,2.26687,1.7803,0.5178,0.48792,0.46039,0.22114,2.18744,6.0778,4.31229,5.51337e-05,5.51337e-05,5.51337e-05
198,113119,0.95823,2.21034,1.76154,0.55604,0.48823,0.4618,0.22162,2.18811,6.07914,4.315,5.42175e-05,5.42175e-05,5.42175e-05
199,113574,0.94637,2.19514,1.75877,0.5552,0.48839,0.46078,0.22123,2.18815,6.07683,4.31566,5.33064e-05,5.33064e-05,5.33064e-05
200,114028,0.95753,2.21569,1.77914,0.55485,0.48834,0.46107,0.22157,2.18902,6.07687,4.31832,5.24005e-05,5.24005e-05,5.24005e-05
201,114482,0.95787,2.16181,1.77272,0.5532,0.48544,0.46064,0.221,2.18937,6.07321,4.32033,5.15e-05,5.15e-05,5.15e-05
202,114935,0.92828,2.08456,1.74538,0.55313,0.48521,0.45956,0.21993,2.18999,6.07107,4.32669,5.06049e-05,5.06049e-05,5.06049e-05
203,115386,0.94124,2.14834,1.74806,0.55383,0.4846,0.46119,0.22086,2.19034,6.06987,4.32939,4.97153e-05,4.97153e-05,4.97153e-05
204,115840,0.93566,2.1071,1.74877,0.554,0.48456,0.46149,0.22119,2.19,6.06962,4.32956,4.88314e-05,4.88314e-05,4.88314e-05
205,116293,0.93769,2.14101,1.76078,0.55429,0.48526,0.46117,0.22092,2.18924,6.06698,4.32929,4.79531e-05,4.79531e-05,4.79531e-05
206,116745,0.94683,2.2104,1.76059,0.55614,0.4843,0.46112,0.22093,2.18965,6.06539,4.33203,4.70807e-05,4.70807e-05,4.70807e-05
207,117194,0.9453,2.18523,1.75305,0.55674,0.48374,0.45949,0.2207,2.19202,6.07813,4.33802,4.62142e-05,4.62142e-05,4.62142e-05
208,117644,0.9356,2.13718,1.75167,0.55743,0.48305,0.45926,0.22066,2.1928,6.07802,4.34017,4.53537e-05,4.53537e-05,4.53537e-05
209,118096,0.92435,2.08486,1.7377,0.55679,0.48261,0.45951,0.22113,2.19291,6.07784,4.34265,4.44994e-05,4.44994e-05,4.44994e-05
210,118549,0.92228,2.10796,1.74494,0.55788,0.4827,0.46168,0.22151,2.1933,6.07328,4.34399,4.36512e-05,4.36512e-05,4.36512e-05
211,119003,0.92764,2.10609,1.74128,0.55849,0.48274,0.46172,0.22163,2.194,6.06733,4.34683,4.28093e-05,4.28093e-05,4.28093e-05
212,119518,0.93751,2.15561,1.75506,0.55876,0.4826,0.46219,0.22159,2.20146,5.99762,4.36466,4.19737e-05,4.19737e-05,4.19737e-05
213,120047,0.92485,2.12367,1.74014,0.55887,0.48172,0.46242,0.2217,2.20186,5.998,4.36755,4.11447e-05,4.11447e-05,4.11447e-05
214,120551,0.92748,2.13956,1.74641,0.55861,0.48109,0.4609,0.2212,2.20206,5.99281,4.37015,4.03222e-05,4.03222e-05,4.03222e-05
215,120976,0.91615,2.10475,1.74297,0.55867,0.48092,0.46148,0.22181,2.20129,5.98988,4.37055,3.95064e-05,3.95064e-05,3.95064e-05
216,121403,0.92517,2.12979,1.74359,0.55858,0.48159,0.46139,0.22185,2.20124,5.98844,4.37191,3.86973e-05,3.86973e-05,3.86973e-05
217,121830,0.91954,2.09044,1.73049,0.55862,0.48459,0.46225,0.22189,2.20172,5.98268,4.3758,3.7895e-05,3.7895e-05,3.7895e-05
218,122250,0.9137,2.08976,1.72901,0.55834,0.48342,0.46204,0.22199,2.20138,5.98515,4.37538,3.70997e-05,3.70997e-05,3.70997e-05
219,122670,0.92717,2.16257,1.73645,0.5576,0.48298,0.4619,0.22182,2.20249,5.97654,4.38334,3.63114e-05,3.63114e-05,3.63114e-05
220,123089,0.91178,2.02525,1.72372,0.55588,0.48297,0.46208,0.22202,2.20307,5.97442,4.3859,3.55301e-05,3.55301e-05,3.55301e-05
221,123636,0.90451,2.06047,1.71259,0.5567,0.48108,0.46196,0.22221,2.2029,5.97449,4.38756,3.47561e-05,3.47561e-05,3.47561e-05
222,124183,0.90744,2.08627,1.72191,0.55708,0.48128,0.46211,0.22233,2.20327,5.96825,4.39249,3.39893e-05,3.39893e-05,3.39893e-05
223,124694,0.90945,2.02604,1.72176,0.55819,0.48174,0.46316,0.22334,2.20301,5.97186,4.38898,3.32298e-05,3.32298e-05,3.32298e-05
224,125141,0.91272,2.05124,1.71917,0.55901,0.48133,0.46321,0.22298,2.20386,5.96498,4.39278,3.24778e-05,3.24778e-05,3.24778e-05
225,125629,0.89635,2.03219,1.72389,0.55925,0.4812,0.46344,0.22339,2.20448,5.96502,4.39416,3.17333e-05,3.17333e-05,3.17333e-05
226,128073,0.8964,2.02352,1.70508,0.56005,0.48101,0.4626,0.22293,2.20458,5.95756,4.39578,3.09964e-05,3.09964e-05,3.09964e-05
227,128837,0.9042,2.04254,1.71217,0.56078,0.48065,0.46248,0.22275,2.20444,5.9567,4.39772,3.02672e-05,3.02672e-05,3.02672e-05
228,129308,0.90055,2.02967,1.71235,0.56087,0.48044,0.46304,0.22265,2.2045,5.9591,4.39973,2.95457e-05,2.95457e-05,2.95457e-05
229,129756,0.90942,2.07629,1.72462,0.5608,0.48034,0.463,0.22256,2.20473,5.95941,4.40047,2.88321e-05,2.88321e-05,2.88321e-05
230,130208,0.89184,2.02645,1.70337,0.56056,0.47999,0.46327,0.22251,2.2047,5.95421,4.40263,2.81264e-05,2.81264e-05,2.81264e-05
231,130703,0.90473,2.0031,1.712,0.56023,0.48002,0.46939,0.22641,2.20612,5.95422,4.41137,2.74287e-05,2.74287e-05,2.74287e-05
232,131415,0.89321,1.99539,1.70926,0.56008,0.47993,0.47542,0.22999,2.20566,5.9525,4.41326,2.6739e-05,2.6739e-05,2.6739e-05
233,133489,0.89072,2.01578,1.69838,0.56429,0.48066,0.47565,0.22988,2.20512,5.95505,4.41489,2.60575e-05,2.60575e-05,2.60575e-05
234,133988,0.88867,1.96107,1.69666,0.56413,0.48106,0.47565,0.22969,2.20401,5.95658,4.41365,2.53842e-05,2.53842e-05,2.53842e-05
235,134407,0.89118,1.99411,1.6983,0.56704,0.48567,0.47625,0.22981,2.20428,5.95454,4.41263,2.47192e-05,2.47192e-05,2.47192e-05
236,134799,0.88162,1.97835,1.69963,0.56811,0.48563,0.4764,0.23006,2.2035,5.95612,4.40949,2.40625e-05,2.40625e-05,2.40625e-05
237,135327,0.88756,2.01587,1.6893,0.56845,0.4857,0.4766,0.23021,2.20388,5.95189,4.41173,2.34143e-05,2.34143e-05,2.34143e-05
238,135876,0.87801,1.95274,1.69042,0.5677,0.48465,0.47669,0.23017,2.20395,5.94926,4.4123,2.27747e-05,2.27747e-05,2.27747e-05
239,136419,0.88999,2.01805,1.69765,0.56741,0.4846,0.4768,0.23031,2.20314,5.94797,4.412,2.21435e-05,2.21435e-05,2.21435e-05
240,137159,0.87337,1.9839,1.67403,0.56731,0.48442,0.47703,0.23055,2.20369,5.94659,4.41905,2.15211e-05,2.15211e-05,2.15211e-05
241,137598,0.87677,1.97523,1.68768,0.568,0.48466,0.47752,0.23077,2.20452,5.94014,4.42206,2.09073e-05,2.09073e-05,2.09073e-05
242,138002,0.8891,1.98304,1.68828,0.56747,0.48465,0.47748,0.23074,2.20432,5.93771,4.42403,2.03023e-05,2.03023e-05,2.03023e-05
243,138421,0.88312,1.98391,1.69634,0.56824,0.48376,0.47743,0.23078,2.2042,5.93703,4.42465,1.97062e-05,1.97062e-05,1.97062e-05
244,138884,0.87287,1.95358,1.68569,0.56797,0.48364,0.47795,0.23084,2.20406,5.93534,4.42687,1.9119e-05,1.9119e-05,1.9119e-05
245,139355,0.87572,1.93657,1.68153,0.56777,0.48327,0.47811,0.23093,2.20399,5.93266,4.42956,1.85408e-05,1.85408e-05,1.85408e-05
246,139840,0.8753,2.03297,1.6866,0.56763,0.48324,0.47676,0.23092,2.20471,5.9338,4.43324,1.79716e-05,1.79716e-05,1.79716e-05
247,140368,0.8853,1.98383,1.68633,0.56727,0.48273,0.47741,0.23071,2.20517,5.93142,4.43929,1.74115e-05,1.74115e-05,1.74115e-05
248,140924,0.86245,1.92552,1.67146,0.56705,0.4828,0.47701,0.2305,2.20569,5.92972,4.44214,1.68606e-05,1.68606e-05,1.68606e-05
249,141396,0.872,1.94011,1.67796,0.56809,0.48235,0.47803,0.23087,2.20594,5.92233,4.44677,1.63189e-05,1.63189e-05,1.63189e-05
250,141891,0.87074,1.95088,1.68171,0.56769,0.48202,0.47776,0.23049,2.20719,5.91703,4.45491,1.57865e-05,1.57865e-05,1.57865e-05
251,181675,0.86971,1.90151,1.68489,0.57278,0.48196,0.47828,0.22982,2.20724,5.91878,4.4589,1.52635e-05,1.52635e-05,1.52635e-05
252,182072,0.86111,1.91472,1.67176,0.57352,0.48161,0.47881,0.22968,2.20717,5.92035,4.45676,1.47498e-05,1.47498e-05,1.47498e-05
253,182470,0.8663,1.95541,1.6762,0.57423,0.48093,0.47913,0.23027,2.20747,5.92051,4.45927,1.42456e-05,1.42456e-05,1.42456e-05
254,182865,0.86267,1.93516,1.67536,0.57448,0.48058,0.47904,0.22972,2.20696,5.91866,4.46234,1.3751e-05,1.3751e-05,1.3751e-05
255,183258,0.86757,1.94916,1.67511,0.60642,0.45741,0.47867,0.2302,2.20767,5.92429,4.46584,1.32658e-05,1.32658e-05,1.32658e-05
256,183662,0.85609,1.93362,1.6611,0.60621,0.45759,0.47857,0.23001,2.20744,5.92157,4.46773,1.27904e-05,1.27904e-05,1.27904e-05
257,184059,0.86256,1.91533,1.66847,0.60664,0.45791,0.47864,0.22999,2.20841,5.91802,4.47451,1.23245e-05,1.23245e-05,1.23245e-05
258,184456,0.85508,1.90947,1.67067,0.60611,0.45812,0.47843,0.22989,2.20853,5.91899,4.47516,1.18684e-05,1.18684e-05,1.18684e-05
259,184852,0.85852,1.92495,1.66848,0.60429,0.459,0.47856,0.22982,2.20875,5.92012,4.47856,1.14221e-05,1.14221e-05,1.14221e-05
260,185248,0.8548,1.91956,1.66095,0.60416,0.46008,0.47849,0.22977,2.2089,5.91757,4.47934,1.09856e-05,1.09856e-05,1.09856e-05
261,185649,0.7133,1.28051,1.48791,0.60391,0.46036,0.47859,0.22986,2.20895,5.911,4.48198,1.0559e-05,1.0559e-05,1.0559e-05
262,186038,0.71269,1.25923,1.48217,0.60398,0.46078,0.47847,0.22964,2.20829,5.91173,4.48408,1.01423e-05,1.01423e-05,1.01423e-05
263,186428,0.71188,1.27581,1.49521,0.60479,0.46066,0.47917,0.22968,2.20845,5.91149,4.48754,9.73555e-06,9.73555e-06,9.73555e-06
264,186818,0.71276,1.2852,1.49395,0.60475,0.4611,0.47941,0.22967,2.20871,5.90789,4.48942,9.33881e-06,9.33881e-06,9.33881e-06
265,187221,0.71365,1.26623,1.48503,0.60401,0.46176,0.47916,0.2297,2.20966,5.90495,4.49394,8.95213e-06,8.95213e-06,8.95213e-06
266,187638,0.69834,1.24094,1.47493,0.60381,0.46225,0.47953,0.22991,2.20929,5.90648,4.49427,8.57554e-06,8.57554e-06,8.57554e-06
267,188040,0.70599,1.26193,1.48117,0.60198,0.46275,0.47937,0.22954,2.21011,5.90541,4.49767,8.20908e-06,8.20908e-06,8.20908e-06
268,188437,0.6962,1.23718,1.46507,0.6,0.46404,0.47993,0.22975,2.21017,5.90403,4.49861,7.8528e-06,7.8528e-06,7.8528e-06
269,188846,0.69517,1.25324,1.47147,0.59969,0.46449,0.47975,0.22977,2.2103,5.90517,4.50049,7.50674e-06,7.50674e-06,7.50674e-06
270,189262,0.69628,1.24765,1.47549,0.59908,0.46506,0.47998,0.23006,2.21035,5.90343,4.50337,7.17093e-06,7.17093e-06,7.17093e-06
271,189737,0.701,1.25089,1.47439,0.59878,0.46532,0.47988,0.23004,2.21036,5.89858,4.5054,6.8454e-06,6.8454e-06,6.8454e-06
272,190158,0.70784,1.23962,1.47696,0.59908,0.46561,0.47926,0.23006,2.21075,5.89353,4.5089,6.53021e-06,6.53021e-06,6.53021e-06
273,190586,0.69782,1.24391,1.46846,0.59936,0.46568,0.4793,0.2302,2.21091,5.88908,4.511,6.22537e-06,6.22537e-06,6.22537e-06
274,190992,0.6923,1.23381,1.46886,0.57747,0.47853,0.47918,0.22996,2.21133,5.88765,4.5135,5.93093e-06,5.93093e-06,5.93093e-06
275,191400,0.70319,1.24214,1.47446,0.5778,0.478,0.47933,0.23028,2.21088,5.88645,4.51477,5.64691e-06,5.64691e-06,5.64691e-06
276,191806,0.69996,1.24759,1.47605,0.58151,0.47788,0.47915,0.23066,2.21157,5.88482,4.51531,5.37334e-06,5.37334e-06,5.37334e-06
277,192204,0.70039,1.24607,1.47955,0.58239,0.47758,0.47876,0.23057,2.21089,5.88379,4.51629,5.11027e-06,5.11027e-06,5.11027e-06
278,192609,0.69363,1.22778,1.46833,0.58267,0.4775,0.47878,0.23016,2.21187,5.88373,4.51944,4.85771e-06,4.85771e-06,4.85771e-06
279,193013,0.69094,1.2342,1.47114,0.58309,0.47746,0.47838,0.2303,2.21185,5.88159,4.52123,4.61569e-06,4.61569e-06,4.61569e-06
280,193413,0.69832,1.25393,1.46706,0.5787,0.47836,0.47877,0.2308,2.21202,5.88318,4.52353,4.38424e-06,4.38424e-06,4.38424e-06
281,193811,0.69936,1.23718,1.47049,0.57824,0.4785,0.47885,0.23251,2.21223,5.88467,4.52636,4.16339e-06,4.16339e-06,4.16339e-06
282,194216,0.69117,1.25009,1.46335,0.58362,0.4772,0.47898,0.2325,2.2124,5.88443,4.52895,3.95315e-06,3.95315e-06,3.95315e-06
283,194611,0.68923,1.22411,1.45495,0.58338,0.47728,0.47909,0.23222,2.21282,5.88013,4.5331,3.75356e-06,3.75356e-06,3.75356e-06
284,194995,0.69514,1.23029,1.47398,0.58327,0.47712,0.47903,0.23267,2.21236,5.87821,4.53464,3.56463e-06,3.56463e-06,3.56463e-06
285,195380,0.69327,1.23795,1.46638,0.58308,0.47754,0.47945,0.23265,2.21293,5.87675,4.53536,3.38639e-06,3.38639e-06,3.38639e-06
286,195767,0.68767,1.24174,1.4573,0.58216,0.47713,0.47865,0.23255,2.21296,5.87423,4.53737,3.21885e-06,3.21885e-06,3.21885e-06
287,196150,0.69323,1.23985,1.4651,0.58214,0.47715,0.47842,0.23257,2.21244,5.87272,4.53904,3.06204e-06,3.06204e-06,3.06204e-06
288,196541,0.69832,1.24769,1.4784,0.58204,0.47714,0.4789,0.23272,2.21279,5.87349,4.54236,2.91596e-06,2.91596e-06,2.91596e-06
289,196928,0.68603,1.22126,1.46505,0.58056,0.47759,0.47852,0.2326,2.21349,5.87017,4.55068,2.78064e-06,2.78064e-06,2.78064e-06
290,197293,0.68239,1.20431,1.46213,0.5804,0.47763,0.47875,0.23292,2.2138,5.86563,4.55291,2.6561e-06,2.6561e-06,2.6561e-06
291,197639,0.68447,1.22625,1.46404,0.57945,0.47706,0.47868,0.2327,2.21377,5.86896,4.55408,2.54233e-06,2.54233e-06,2.54233e-06
292,197932,0.69316,1.24053,1.47131,0.57922,0.4778,0.47889,0.23291,2.2141,5.86716,4.55699,2.43937e-06,2.43937e-06,2.43937e-06
293,198234,0.68986,1.23245,1.46328,0.57984,0.47743,0.47927,0.23334,2.21417,5.86724,4.55877,2.34721e-06,2.34721e-06,2.34721e-06
294,198529,0.68714,1.22539,1.46428,0.57924,0.47745,0.47925,0.2331,2.21431,5.86655,4.56055,2.26587e-06,2.26587e-06,2.26587e-06
295,198829,0.69118,1.21983,1.46377,0.57919,0.47743,0.47912,0.23308,2.21509,5.86533,4.56446,2.19535e-06,2.19535e-06,2.19535e-06
296,199185,0.67809,1.21206,1.45719,0.57915,0.47748,0.47893,0.23313,2.21473,5.86365,4.56382,2.13568e-06,2.13568e-06,2.13568e-06
297,199535,0.68861,1.21646,1.45559,0.57904,0.47734,0.47918,0.2335,2.21482,5.85984,4.56484,2.08684e-06,2.08684e-06,2.08684e-06
298,199848,0.68816,1.21233,1.46667,0.57884,0.47778,0.47887,0.23317,2.21542,5.85722,4.56653,2.04885e-06,2.04885e-06,2.04885e-06
299,200188,0.67846,1.2189,1.44867,0.57856,0.47743,0.47808,0.23313,2.21549,5.85404,4.5682,2.02171e-06,2.02171e-06,2.02171e-06
300,200506,0.68514,1.20919,1.45101,0.57806,0.47699,0.47842,0.23326,2.21624,5.85107,4.5713,2.00543e-06,2.00543e-06,2.00543e-06
